{
  "model_name": "random_forest",
  "dataset_name": "nsl_kdd",
  "best_params": {
    "n_estimators": 100,
    "max_depth": 10,
    "random_state": 42
  },
  "metrics": {
    "accuracy": 0.585,
    "precision_macro": 0.11699999999999999,
    "recall_macro": 0.2,
    "f1_macro": 0.1476340694006309,
    "precision_weighted": 0.34222499999999995,
    "recall_weighted": 0.585,
    "f1_weighted": 0.4318296529968454,
    "roc_auc_ovr": 0.5480701429087367,
    "roc_auc_ovo": 0.5473124817569264
  },
  "cv_mean": 0.58125,
  "cv_std": 0.003952847075210496,
  "training_time": 0.18687701225280762
}